brand_name,composition,strength,form,manufacturer
Mintop Gain 5% Solution,Minoxidil (5% w/v),5%,Solution,Dr Reddy's Laboratories Ltd
Logidruf KO Shampoo,Ketoconazole (2% w/v) + Zinc Pyrithione (1% w/v),2%,Shampoo,Logicure Pharma
Scalpe Plus Anti-Dandruff Shampoo,Ketoconazole (2% w/v) + Zinc Pyrithione (1% w/v),,Shampoo,Glenmark Pharmaceuticals Ltd
Rapigrow Hair Kit,Biotin + Minoxidil + Multivitamin,,Kit,Rapigrow Healthcare
Paracetamol 500mg Tablet,Paracetamol (500mg),500 mg,Tablet,Generic
Crocin Advance 500mg Tablet,Paracetamol (500mg),500 mg,Tablet,GlaxoSmithKline Pharmaceuticals Ltd
Dolo 650 Tablet,Paracetamol (650mg),650 mg,Tablet,Micro Labs Ltd
Azithral 500 Tablet,Azithromycin (500mg),500 mg,Tablet,Alembic Pharmaceuticals Ltd
Augmentin 625 Duo Tablet,Amoxycillin (500mg) + Clavulanic Acid (125mg),625 mg,Tablet,GlaxoSmithKline Pharmaceuticals Ltd
Pan 40 Tablet,Pantoprazole (40mg),40 mg,Tablet,Alkem Laboratories Ltd
Glycomet 500 SR Tablet,Metformin (500mg),500 mg,Tablet,USV Ltd
Telma 40 Tablet,Telmisartan (40mg),40 mg,Tablet,Glenmark Pharmaceuticals Ltd
Atorva 10 Tablet,Atorvastatin (10mg),10 mg,Tablet,Zydus Cadila
Cetzine 10mg Tablet,Cetirizine (10mg),10 mg,Tablet,Dr Reddy's Laboratories Ltd
Allegra 120mg Tablet,Fexofenadine (120mg),120 mg,Tablet,Sanofi India Ltd
Ascoril LS Syrup,Ambroxol (30mg/5ml) + Levosalbutamol (1mg/5ml) + Guaifenesin (50mg/5ml),100 ml,Syrup,Glenmark Pharmaceuticals Ltd
Otrivin Oxy Nasal Spray,Oxymetazoline (0.05% w/v),0.05%,Spray,GSK Consumer Healthcare
Candid Cream,Clotrimazole (1% w/w),1%,Cream,Glenmark Pharmaceuticals Ltd
Shelcal 500 Tablet,Calcium Carbonate (1250mg) + Vitamin D3 (250IU),500 mg,Tablet,Torrent Pharmaceuticals Ltd
Becosules Capsule,Vitamin B-complex + Vitamin C,,Capsule,Pfizer Ltd
Calpol 500mg Tablet,Paracetamol (500mg),500 mg,Tablet,GlaxoSmithKline Pharmaceuticals Ltd
paracetamol 500mg tablet,Paracetamol (500mg),500 mg,Tablet,Generic
,Missing brand row,,,Nobody
